layer,seed,width_small,width_large,alignment_score
0,42,8192,16384,0.14168581366539001
0,42,4096,8192,0.1352909505367279
