{
  "layer": 3,
  "width": 4096,
  "seed": 123,
  "mse": 0.02392636612057686,
  "sparsity": 0.98779296875,
  "coherence": 0.19060660898685455,
  "effective_rank": 749.0308227539062,
  "condition_number": 2.491192579269409
}