{
  "layer": 4,
  "width": 8192,
  "seed": 999,
  "mse": 0.026349442079663277,
  "sparsity": 0.9938965439796448,
  "coherence": 0.20367340743541718,
  "effective_rank": 758.74169921875,
  "condition_number": 1.8762481212615967
}