{
  "layer": 10,
  "width": 4096,
  "seed": 42,
  "mse": 0.9971427321434021,
  "sparsity": 0.98779296875,
  "coherence": 0.18964828550815582,
  "effective_rank": 748.9536743164062,
  "condition_number": 2.4914400577545166
}