{
  "layer": 3,
  "width": 16384,
  "seed": 999,
  "mse": 0.021932879462838173,
  "sparsity": 0.9969482421875,
  "coherence": 0.21762455999851227,
  "effective_rank": 763.4385375976562,
  "condition_number": 1.5466278791427612
}