{
  "layer": 6,
  "width": 4096,
  "seed": 123,
  "mse": 0.044884707778692245,
  "sparsity": 0.98779296875,
  "coherence": 0.1906886100769043,
  "effective_rank": 749.0304565429688,
  "condition_number": 2.491806745529175
}