{
  "layer": 10,
  "width": 16384,
  "seed": 123,
  "mse": 0.8991645574569702,
  "sparsity": 0.9969481825828552,
  "coherence": 0.2006242722272873,
  "effective_rank": 763.4407348632812,
  "condition_number": 1.552048921585083
}