{
  "layer": 5,
  "width": 4096,
  "seed": 123,
  "mse": 0.03286271169781685,
  "sparsity": 0.98779296875,
  "coherence": 0.1906185746192932,
  "effective_rank": 749.0300903320312,
  "condition_number": 2.491542100906372
}