{
  "layer": 3,
  "width": 16384,
  "seed": 123,
  "mse": 0.02224317565560341,
  "sparsity": 0.9969482421875,
  "coherence": 0.2006242722272873,
  "effective_rank": 763.4421997070312,
  "condition_number": 1.5518971681594849
}