{
  "layer": 3,
  "width": 4096,
  "seed": 42,
  "mse": 0.023229245096445084,
  "sparsity": 0.98779296875,
  "coherence": 0.18935467302799225,
  "effective_rank": 748.9605102539062,
  "condition_number": 2.4888126850128174
}