{
  "layer": 2,
  "width": 4096,
  "seed": 999,
  "mse": 0.02127881534397602,
  "sparsity": 0.98779296875,
  "coherence": 0.20201092958450317,
  "effective_rank": 748.97509765625,
  "condition_number": 2.499807834625244
}