{
  "layer": 4,
  "width": 16384,
  "seed": 123,
  "mse": 0.026800967752933502,
  "sparsity": 0.9969482421875,
  "coherence": 0.2006242722272873,
  "effective_rank": 763.4421997070312,
  "condition_number": 1.5518054962158203
}