{
  "layer": 8,
  "width": 16384,
  "seed": 42,
  "mse": 0.13781864941120148,
  "sparsity": 0.9969482421875,
  "coherence": 0.2132319211959839,
  "effective_rank": 763.4498291015625,
  "condition_number": 1.54229736328125
}