{
  "layer": 5,
  "width": 16384,
  "seed": 999,
  "mse": 0.03207879513502121,
  "sparsity": 0.9969482421875,
  "coherence": 0.21770095825195312,
  "effective_rank": 763.4385375976562,
  "condition_number": 1.5463616847991943
}