{
  "layer": 8,
  "width": 4096,
  "seed": 42,
  "mse": 0.14855141937732697,
  "sparsity": 0.98779296875,
  "coherence": 0.18929460644721985,
  "effective_rank": 748.9593505859375,
  "condition_number": 2.4921460151672363
}