{
  "layer": 9,
  "width": 8192,
  "seed": 999,
  "mse": 0.2730432152748108,
  "sparsity": 0.993896484375,
  "coherence": 0.2029481828212738,
  "effective_rank": 758.740966796875,
  "condition_number": 1.8775345087051392
}