{
  "layer": 7,
  "width": 4096,
  "seed": 123,
  "mse": 0.07677524536848068,
  "sparsity": 0.98779296875,
  "coherence": 0.19041556119918823,
  "effective_rank": 749.0300903320312,
  "condition_number": 2.4914777278900146
}