{
  "layer": 4,
  "width": 8192,
  "seed": 123,
  "mse": 0.025883682072162628,
  "sparsity": 0.993896484375,
  "coherence": 0.20683836936950684,
  "effective_rank": 758.74609375,
  "condition_number": 1.8663346767425537
}