{
  "layer": 2,
  "width": 4096,
  "seed": 123,
  "mse": 0.021332331001758575,
  "sparsity": 0.98779296875,
  "coherence": 0.19060660898685455,
  "effective_rank": 749.0315551757812,
  "condition_number": 2.4897119998931885
}