{
  "layer": 8,
  "width": 8192,
  "seed": 123,
  "mse": 0.13790008425712585,
  "sparsity": 0.9938965439796448,
  "coherence": 0.20683836936950684,
  "effective_rank": 758.7453002929688,
  "condition_number": 1.8663419485092163
}