{
  "layer": 4,
  "width": 4096,
  "seed": 42,
  "mse": 0.0278499536216259,
  "sparsity": 0.98779296875,
  "coherence": 0.18935467302799225,
  "effective_rank": 748.959716796875,
  "condition_number": 2.4888644218444824
}