{
  "layer": 7,
  "width": 16384,
  "seed": 42,
  "mse": 0.0735333040356636,
  "sparsity": 0.9969482421875,
  "coherence": 0.21242603659629822,
  "effective_rank": 763.449462890625,
  "condition_number": 1.5421487092971802
}