{
  "layer": 7,
  "width": 16384,
  "seed": 999,
  "mse": 0.07333444058895111,
  "sparsity": 0.9969482421875,
  "coherence": 0.21797746419906616,
  "effective_rank": 763.4385375976562,
  "condition_number": 1.5466277599334717
}