{
  "layer": 10,
  "width": 16384,
  "seed": 999,
  "mse": 0.9024718999862671,
  "sparsity": 0.9969482421875,
  "coherence": 0.2182692289352417,
  "effective_rank": 763.4378051757812,
  "condition_number": 1.5468616485595703
}