{
  "layer": 3,
  "width": 8192,
  "seed": 999,
  "mse": 0.021628329530358315,
  "sparsity": 0.993896484375,
  "coherence": 0.20370107889175415,
  "effective_rank": 758.74169921875,
  "condition_number": 1.876072883605957
}