{
  "layer": 0,
  "width": 8192,
  "seed": 999,
  "mse": 0.08133914321660995,
  "sparsity": 0.9938963651657104,
  "coherence": 0.20369498431682587,
  "effective_rank": 758.7420654296875,
  "condition_number": 1.8761385679244995
}