{
  "layer": 3,
  "width": 4096,
  "seed": 999,
  "mse": 0.023289764299988747,
  "sparsity": 0.98779296875,
  "coherence": 0.20211586356163025,
  "effective_rank": 748.9765014648438,
  "condition_number": 2.4995288848876953
}