{
  "layer": 10,
  "width": 16384,
  "seed": 42,
  "mse": 0.9035604000091553,
  "sparsity": 0.9969482421875,
  "coherence": 0.2110975980758667,
  "effective_rank": 763.44873046875,
  "condition_number": 1.5416147708892822
}