{
  "layer": 5,
  "width": 4096,
  "seed": 42,
  "mse": 0.03356628119945526,
  "sparsity": 0.98779296875,
  "coherence": 0.18935467302799225,
  "effective_rank": 748.961181640625,
  "condition_number": 2.4890124797821045
}