{
  "layer": 9,
  "width": 16384,
  "seed": 42,
  "mse": 0.2711004614830017,
  "sparsity": 0.9969482421875,
  "coherence": 0.2118896096944809,
  "effective_rank": 763.449462890625,
  "condition_number": 1.5418063402175903
}