{
  "layer": 11,
  "width": 4096,
  "seed": 999,
  "mse": 2.9008872509002686,
  "sparsity": 0.98779296875,
  "coherence": 0.2029055505990982,
  "effective_rank": 748.9722290039062,
  "condition_number": 2.499683141708374
}