{
  "layer": 9,
  "width": 4096,
  "seed": 42,
  "mse": 0.29117551445961,
  "sparsity": 0.98779296875,
  "coherence": 0.18917420506477356,
  "effective_rank": 748.9554443359375,
  "condition_number": 2.4926598072052
}