{
  "layer": 11,
  "width": 16384,
  "seed": 42,
  "mse": 2.602900981903076,
  "sparsity": 0.9969482421875,
  "coherence": 0.21138378977775574,
  "effective_rank": 763.44873046875,
  "condition_number": 1.5416333675384521
}