{
  "layer": 6,
  "width": 16384,
  "seed": 999,
  "mse": 0.04392055794596672,
  "sparsity": 0.9969482421875,
  "coherence": 0.21777506172657013,
  "effective_rank": 763.4385375976562,
  "condition_number": 1.5464822053909302
}