{
  "layer": 10,
  "width": 4096,
  "seed": 123,
  "mse": 1.0045320987701416,
  "sparsity": 0.98779296875,
  "coherence": 0.18917983770370483,
  "effective_rank": 749.0308227539062,
  "condition_number": 2.490811347961426
}