{
  "layer": 11,
  "width": 8192,
  "seed": 999,
  "mse": 2.6362271308898926,
  "sparsity": 0.993896484375,
  "coherence": 0.20437729358673096,
  "effective_rank": 758.74169921875,
  "condition_number": 1.8763506412506104
}