{
  "layer": 4,
  "width": 4096,
  "seed": 123,
  "mse": 0.028089137747883797,
  "sparsity": 0.98779296875,
  "coherence": 0.19063353538513184,
  "effective_rank": 749.0315551757812,
  "condition_number": 2.491239070892334
}