{
  "layer": 10,
  "width": 4096,
  "seed": 999,
  "mse": 1.000373363494873,
  "sparsity": 0.98779296875,
  "coherence": 0.2019110471010208,
  "effective_rank": 748.97119140625,
  "condition_number": 2.499300241470337
}