{
  "layer": 4,
  "width": 16384,
  "seed": 42,
  "mse": 0.026302460581064224,
  "sparsity": 0.9969481825828552,
  "coherence": 0.21139930188655853,
  "effective_rank": 763.4502563476562,
  "condition_number": 1.541850209236145
}