{
  "layer": 3,
  "width": 8192,
  "seed": 123,
  "mse": 0.02210100181400776,
  "sparsity": 0.993896484375,
  "coherence": 0.20683836936950684,
  "effective_rank": 758.7463989257812,
  "condition_number": 1.8662065267562866
}