{
  "layer": 0,
  "width": 16384,
  "seed": 42,
  "mse": 0.08075132220983505,
  "sparsity": 0.9969482421875,
  "coherence": 0.21139930188655853,
  "effective_rank": 763.4502563476562,
  "condition_number": 1.5418111085891724
}