{
  "layer": 8,
  "width": 16384,
  "seed": 999,
  "mse": 0.138504296541214,
  "sparsity": 0.9969482421875,
  "coherence": 0.21762455999851227,
  "effective_rank": 763.4378051757812,
  "condition_number": 1.546830415725708
}