{
  "layer": 8,
  "width": 8192,
  "seed": 42,
  "mse": 0.13769963383674622,
  "sparsity": 0.993896484375,
  "coherence": 0.19682903587818146,
  "effective_rank": 758.7243041992188,
  "condition_number": 1.8690565824508667
}