{
  "layer": 6,
  "width": 8192,
  "seed": 999,
  "mse": 0.04302766174077988,
  "sparsity": 0.9938965439796448,
  "coherence": 0.20369604229927063,
  "effective_rank": 758.740234375,
  "condition_number": 1.876176118850708
}