{
  "layer": 8,
  "width": 16384,
  "seed": 123,
  "mse": 0.1376855969429016,
  "sparsity": 0.9969482421875,
  "coherence": 0.2006242722272873,
  "effective_rank": 763.4414672851562,
  "condition_number": 1.5518437623977661
}