{
  "layer": 9,
  "width": 4096,
  "seed": 123,
  "mse": 0.2970485985279083,
  "sparsity": 0.98779296875,
  "coherence": 0.18973946571350098,
  "effective_rank": 749.0279541015625,
  "condition_number": 2.4912893772125244
}