{
  "layer": 5,
  "width": 8192,
  "seed": 999,
  "mse": 0.03148091956973076,
  "sparsity": 0.993896484375,
  "coherence": 0.20347464084625244,
  "effective_rank": 758.740966796875,
  "condition_number": 1.875850796699524
}