{
  "layer": 10,
  "width": 8192,
  "seed": 42,
  "mse": 0.905860424041748,
  "sparsity": 0.9938963651657104,
  "coherence": 0.1971389502286911,
  "effective_rank": 758.7250366210938,
  "condition_number": 1.8681871891021729
}