{
  "layer": 11,
  "width": 16384,
  "seed": 123,
  "mse": 2.6057980060577393,
  "sparsity": 0.9969481825828552,
  "coherence": 0.2006242722272873,
  "effective_rank": 763.4411010742188,
  "condition_number": 1.5519461631774902
}