{
  "layer": 1,
  "width": 16384,
  "seed": 999,
  "mse": 0.02932082675397396,
  "sparsity": 0.9969482421875,
  "coherence": 0.21762455999851227,
  "effective_rank": 763.43896484375,
  "condition_number": 1.546588659286499
}