{
  "layer": 9,
  "width": 16384,
  "seed": 123,
  "mse": 0.2720044255256653,
  "sparsity": 0.9969482421875,
  "coherence": 0.2006242722272873,
  "effective_rank": 763.4414672851562,
  "condition_number": 1.552120327949524
}