{
  "layer": 0,
  "width": 4096,
  "seed": 123,
  "mse": 0.08859901875257492,
  "sparsity": 0.98779296875,
  "coherence": 0.19060660898685455,
  "effective_rank": 749.0311889648438,
  "condition_number": 2.4897632598876953
}