{
  "layer": 0,
  "width": 4096,
  "seed": 999,
  "mse": 0.08704987913370132,
  "sparsity": 0.98779296875,
  "coherence": 0.20211586356163025,
  "effective_rank": 748.9744262695312,
  "condition_number": 2.499439001083374
}