{
  "layer": 1,
  "width": 4096,
  "seed": 123,
  "mse": 0.031413234770298004,
  "sparsity": 0.98779296875,
  "coherence": 0.19060660898685455,
  "effective_rank": 749.0308227539062,
  "condition_number": 2.4901177883148193
}