{
  "layer": 8,
  "width": 4096,
  "seed": 999,
  "mse": 0.14975681900978088,
  "sparsity": 0.98779296875,
  "coherence": 0.2023012340068817,
  "effective_rank": 748.9725952148438,
  "condition_number": 2.50113844871521
}