{
  "layer": 2,
  "width": 4096,
  "seed": 42,
  "mse": 0.020974045619368553,
  "sparsity": 0.98779296875,
  "coherence": 0.18935467302799225,
  "effective_rank": 748.959716796875,
  "condition_number": 2.489527940750122
}