{
  "layer": 11,
  "width": 8192,
  "seed": 123,
  "mse": 2.647505044937134,
  "sparsity": 0.993896484375,
  "coherence": 0.20666562020778656,
  "effective_rank": 758.7453002929688,
  "condition_number": 1.866289734840393
}