{
  "layer": 7,
  "width": 8192,
  "seed": 999,
  "mse": 0.07230247557163239,
  "sparsity": 0.993896484375,
  "coherence": 0.20323532819747925,
  "effective_rank": 758.7406005859375,
  "condition_number": 1.8762993812561035
}