{
  "layer": 5,
  "width": 8192,
  "seed": 42,
  "mse": 0.03151939809322357,
  "sparsity": 0.993896484375,
  "coherence": 0.19721432030200958,
  "effective_rank": 758.7265014648438,
  "condition_number": 1.8686869144439697
}