{
  "layer": 8,
  "width": 8192,
  "seed": 999,
  "mse": 0.136974036693573,
  "sparsity": 0.993896484375,
  "coherence": 0.20294702053070068,
  "effective_rank": 758.740966796875,
  "condition_number": 1.876084327697754
}