{
  "layer": 6,
  "width": 4096,
  "seed": 42,
  "mse": 0.04656338319182396,
  "sparsity": 0.98779296875,
  "coherence": 0.18935467302799225,
  "effective_rank": 748.9608154296875,
  "condition_number": 2.4903438091278076
}