{
  "layer": 11,
  "width": 4096,
  "seed": 123,
  "mse": 2.9010798931121826,
  "sparsity": 0.98779296875,
  "coherence": 0.19128939509391785,
  "effective_rank": 749.0308227539062,
  "condition_number": 2.4883763790130615
}