{
  "layer": 6,
  "width": 16384,
  "seed": 123,
  "mse": 0.04424258694052696,
  "sparsity": 0.9969482421875,
  "coherence": 0.2006242722272873,
  "effective_rank": 763.4418334960938,
  "condition_number": 1.5518556833267212
}