{
  "layer": 1,
  "width": 4096,
  "seed": 42,
  "mse": 0.032592952251434326,
  "sparsity": 0.98779296875,
  "coherence": 0.18935467302799225,
  "effective_rank": 748.9593505859375,
  "condition_number": 2.488955497741699
}