{
  "layer": 10,
  "width": 8192,
  "seed": 123,
  "mse": 0.9196406006813049,
  "sparsity": 0.993896484375,
  "coherence": 0.20722155272960663,
  "effective_rank": 758.7431640625,
  "condition_number": 1.8661664724349976
}