{
  "layer": 4,
  "width": 8192,
  "seed": 42,
  "mse": 0.025949645787477493,
  "sparsity": 0.993896484375,
  "coherence": 0.1972312033176422,
  "effective_rank": 758.7265014648438,
  "condition_number": 1.8687760829925537
}