{
  "layer": 0,
  "width": 16384,
  "seed": 999,
  "mse": 0.08218688517808914,
  "sparsity": 0.9969482421875,
  "coherence": 0.21762455999851227,
  "effective_rank": 763.43896484375,
  "condition_number": 1.5466234683990479
}