{
  "layer": 6,
  "width": 8192,
  "seed": 123,
  "mse": 0.04398274049162865,
  "sparsity": 0.9938965439796448,
  "coherence": 0.20683836936950684,
  "effective_rank": 758.7453002929688,
  "condition_number": 1.8666306734085083
}