{
  "layer": 1,
  "width": 8192,
  "seed": 999,
  "mse": 0.02948843687772751,
  "sparsity": 0.993896484375,
  "coherence": 0.203828826546669,
  "effective_rank": 758.74169921875,
  "condition_number": 1.8763645887374878
}