{
  "layer": 11,
  "width": 16384,
  "seed": 999,
  "mse": 2.613069534301758,
  "sparsity": 0.9969482421875,
  "coherence": 0.21731890738010406,
  "effective_rank": 763.4385375976562,
  "condition_number": 1.5468207597732544
}