{
  "layer": 1,
  "width": 8192,
  "seed": 123,
  "mse": 0.02989037334918976,
  "sparsity": 0.9938963651657104,
  "coherence": 0.20683836936950684,
  "effective_rank": 758.7456665039062,
  "condition_number": 1.8661860227584839
}