{
  "layer": 6,
  "width": 16384,
  "seed": 42,
  "mse": 0.04400388523936272,
  "sparsity": 0.9969482421875,
  "coherence": 0.21199484169483185,
  "effective_rank": 763.449462890625,
  "condition_number": 1.541943907737732
}