{
  "layer": 5,
  "width": 16384,
  "seed": 42,
  "mse": 0.03213740512728691,
  "sparsity": 0.9969482421875,
  "coherence": 0.2119566798210144,
  "effective_rank": 763.4502563476562,
  "condition_number": 1.5424591302871704
}