{
  "layer": 5,
  "width": 16384,
  "seed": 123,
  "mse": 0.03236786276102066,
  "sparsity": 0.9969482421875,
  "coherence": 0.2006242722272873,
  "effective_rank": 763.4418334960938,
  "condition_number": 1.551687240600586
}