{
  "layer": 7,
  "width": 4096,
  "seed": 999,
  "mse": 0.07828553020954132,
  "sparsity": 0.98779296875,
  "coherence": 0.20211586356163025,
  "effective_rank": 748.9744262695312,
  "condition_number": 2.500316858291626
}