{
  "layer": 5,
  "width": 4096,
  "seed": 999,
  "mse": 0.03434228152036667,
  "sparsity": 0.98779296875,
  "coherence": 0.20211586356163025,
  "effective_rank": 748.9765014648438,
  "condition_number": 2.5002453327178955
}