{
  "layer": 10,
  "width": 8192,
  "seed": 999,
  "mse": 0.9147488474845886,
  "sparsity": 0.9938965439796448,
  "coherence": 0.2025236040353775,
  "effective_rank": 758.7406005859375,
  "condition_number": 1.8766107559204102
}