{
  "layer": 9,
  "width": 8192,
  "seed": 123,
  "mse": 0.2718028426170349,
  "sparsity": 0.993896484375,
  "coherence": 0.20683836936950684,
  "effective_rank": 758.7453002929688,
  "condition_number": 1.8659822940826416
}