{
  "layer": 11,
  "width": 4096,
  "seed": 42,
  "mse": 2.8632495403289795,
  "sparsity": 0.98779296875,
  "coherence": 0.18941965699195862,
  "effective_rank": 748.9576416015625,
  "condition_number": 2.489341974258423
}