{
  "layer": 0,
  "width": 8192,
  "seed": 123,
  "mse": 0.08093719929456711,
  "sparsity": 0.993896484375,
  "coherence": 0.20683836936950684,
  "effective_rank": 758.74609375,
  "condition_number": 1.866225004196167
}