{
  "layer": 0,
  "width": 8192,
  "seed": 42,
  "mse": 0.08235420286655426,
  "sparsity": 0.993896484375,
  "coherence": 0.19750367105007172,
  "effective_rank": 758.7265014648438,
  "condition_number": 1.868622064590454
}