{
  "layer": 2,
  "width": 8192,
  "seed": 999,
  "mse": 0.020142948254942894,
  "sparsity": 0.993896484375,
  "coherence": 0.2031506597995758,
  "effective_rank": 758.74169921875,
  "condition_number": 1.876176118850708
}