{
  "layer": 2,
  "width": 8192,
  "seed": 42,
  "mse": 0.019502539187669754,
  "sparsity": 0.993896484375,
  "coherence": 0.19767966866493225,
  "effective_rank": 758.7265014648438,
  "condition_number": 1.8685739040374756
}