{
  "layer": 1,
  "width": 4096,
  "seed": 999,
  "mse": 0.031145259737968445,
  "sparsity": 0.98779296875,
  "coherence": 0.2021147906780243,
  "effective_rank": 748.97509765625,
  "condition_number": 2.500136137008667
}