{
  "layer": 3,
  "width": 16384,
  "seed": 42,
  "mse": 0.02228095382452011,
  "sparsity": 0.9969482421875,
  "coherence": 0.21139930188655853,
  "effective_rank": 763.4502563476562,
  "condition_number": 1.5416440963745117
}