{
  "layer": 0,
  "width": 4096,
  "seed": 42,
  "mse": 0.08412928134202957,
  "sparsity": 0.98779296875,
  "coherence": 0.18935467302799225,
  "effective_rank": 748.9600830078125,
  "condition_number": 2.489023447036743
}