{
  "layer": 7,
  "width": 4096,
  "seed": 42,
  "mse": 0.07964713126420975,
  "sparsity": 0.98779296875,
  "coherence": 0.18935467302799225,
  "effective_rank": 748.9619140625,
  "condition_number": 2.4902374744415283
}