{
  "layer": 4,
  "width": 4096,
  "seed": 999,
  "mse": 0.027914876118302345,
  "sparsity": 0.98779296875,
  "coherence": 0.20216356217861176,
  "effective_rank": 748.975830078125,
  "condition_number": 2.4993643760681152
}