{
  "layer": 7,
  "width": 16384,
  "seed": 123,
  "mse": 0.07326731830835342,
  "sparsity": 0.9969482421875,
  "coherence": 0.2006242722272873,
  "effective_rank": 763.4421997070312,
  "condition_number": 1.551897644996643
}