{
  "layer": 8,
  "width": 4096,
  "seed": 123,
  "mse": 0.14980533719062805,
  "sparsity": 0.98779296875,
  "coherence": 0.19070637226104736,
  "effective_rank": 749.0308227539062,
  "condition_number": 2.4906976222991943
}