{
  "layer": 9,
  "width": 4096,
  "seed": 999,
  "mse": 0.2943841516971588,
  "sparsity": 0.98779296875,
  "coherence": 0.202993705868721,
  "effective_rank": 748.9722290039062,
  "condition_number": 2.5009617805480957
}