{
  "layer": 7,
  "mse": 0.07248833030462265,
  "sparsity": 0.993896484375,
  "coherence": 0.19675303995609283,
  "effective_rank": 758.725830078125,
  "condition_number": 1.8687888383865356
}