{
  "layer": 6,
  "mse": 0.04283645749092102,
  "sparsity": 0.993896484375,
  "coherence": 0.19726672768592834,
  "effective_rank": 758.7261352539062,
  "condition_number": 1.8690173625946045
}