{
  "layer": 11,
  "mse": 2.635159492492676,
  "sparsity": 0.993896484375,
  "coherence": 0.19677716493606567,
  "effective_rank": 758.7254638671875,
  "condition_number": 1.8691775798797607
}