{
  "layer": 3,
  "mse": 0.02138512022793293,
  "sparsity": 0.993896484375,
  "coherence": 0.19748543202877045,
  "effective_rank": 758.7265014648438,
  "condition_number": 1.868924617767334
}