{
  "layer": 1,
  "mse": 0.029663734138011932,
  "sparsity": 0.993896484375,
  "coherence": 0.19750367105007172,
  "effective_rank": 758.7265014648438,
  "condition_number": 1.8688358068466187
}