{
  "layer": 9,
  "mse": 0.27055785059928894,
  "sparsity": 0.993896484375,
  "coherence": 0.19716382026672363,
  "effective_rank": 758.7243041992188,
  "condition_number": 1.8690241575241089
}